"shape(H,W)",count,ratio(%)
"(32, 29)",108687,13.394
"(25, 27)",64083,7.897
"(49, 39)",39323,4.846
"(26, 26)",30078,3.707
"(30, 34)",29513,3.637
"(33, 33)",23886,2.944
"(33, 29)",20276,2.499
"(39, 37)",15327,1.889
"(52, 59)",14812,1.825
"(31, 31)",14569,1.795
"(39, 31)",13562,1.671
"(29, 26)",13247,1.632
"(27, 25)",12655,1.56
"(64, 71)",11692,1.441
"(31, 28)",10788,1.329
"(35, 40)",10676,1.316
"(38, 38)",8895,1.096
"(44, 44)",8601,1.06
"(34, 31)",8155,1.005
"(51, 59)",7890,0.972
"(212, 84)",7561,0.932
"(44, 41)",7131,0.879
"(42, 44)",7035,0.867
"(35, 31)",6629,0.817
"(56, 41)",5599,0.69
"(45, 43)",5598,0.69
"(72, 72)",5533,0.682
"(41, 33)",5432,0.669
"(29, 27)",5417,0.668
"(40, 40)",5224,0.644
"(41, 38)",5062,0.624
"(51, 30)",5000,0.616
"(87, 74)",4845,0.597
"(41, 42)",4639,0.572
"(18, 19)",4420,0.545
"(25, 26)",4417,0.544
"(89, 76)",4398,0.542
"(43, 44)",4289,0.529
"(64, 72)",4273,0.527
"(86, 89)",4038,0.498
"(33, 37)",3923,0.483
"(63, 62)",3913,0.482
"(88, 81)",3863,0.476
"(89, 112)",3856,0.475
"(74, 76)",3776,0.465
"(54, 71)",3726,0.459
"(75, 61)",3723,0.459
"(50, 43)",3326,0.41
"(41, 41)",3167,0.39
"(63, 160)",3075,0.379
"(22, 50)",2971,0.366
"(45, 42)",2730,0.336
"(41, 40)",2709,0.334
"(38, 36)",2621,0.323
"(66, 77)",2593,0.32
"(41, 45)",2583,0.318
"(36, 36)",2562,0.316
"(34, 34)",2529,0.312
"(39, 50)",2353,0.29
"(88, 56)",2198,0.271
"(57, 58)",2180,0.269
"(37, 55)",2174,0.268
"(46, 46)",2168,0.267
"(26, 30)",2065,0.254
"(38, 42)",2024,0.249
"(59, 54)",2018,0.249
"(34, 35)",1982,0.244
"(33, 35)",1973,0.243
"(113, 71)",1964,0.242
"(42, 61)",1948,0.24
"(51, 50)",1936,0.239
"(135, 146)",1872,0.231
"(60, 55)",1819,0.224
"(87, 89)",1808,0.223
"(35, 36)",1724,0.212
"(59, 46)",1715,0.211
"(31, 33)",1687,0.208
"(47, 47)",1671,0.206
"(63, 76)",1646,0.203
"(43, 42)",1620,0.2
"(134, 99)",1618,0.199
"(80, 77)",1549,0.191
"(53, 52)",1523,0.188
"(72, 44)",1520,0.187
"(59, 60)",1504,0.185
"(38, 40)",1497,0.184
"(66, 72)",1484,0.183
"(37, 31)",1475,0.182
"(101, 103)",1474,0.182
"(36, 34)",1471,0.181
"(81, 73)",1440,0.177
"(81, 81)",1430,0.176
"(72, 43)",1399,0.172
"(107, 150)",1399,0.172
"(82, 83)",1386,0.171
"(76, 71)",1373,0.169
"(70, 75)",1370,0.169
"(61, 60)",1332,0.164
"(64, 60)",1299,0.16
"(58, 52)",1281,0.158
"(37, 37)",1257,0.155
"(60, 119)",1231,0.152
"(122, 102)",1227,0.151
"(75, 75)",1217,0.15
"(63, 58)",1214,0.15
"(53, 58)",1212,0.149
"(45, 45)",1207,0.149
"(30, 31)",1206,0.149
"(32, 32)",1195,0.147
"(62, 76)",1193,0.147
"(56, 57)",1150,0.142
"(73, 79)",1149,0.142
"(75, 48)",1131,0.139
"(62, 61)",1100,0.136
"(48, 51)",1074,0.132
"(52, 51)",1066,0.131
"(35, 38)",1040,0.128
"(89, 90)",1022,0.126
"(137, 116)",999,0.123
"(58, 53)",965,0.119
"(39, 45)",950,0.117
"(44, 43)",948,0.117
"(40, 43)",946,0.117
"(72, 80)",932,0.115
"(48, 48)",913,0.113
"(51, 57)",875,0.108
"(44, 48)",874,0.108
"(48, 47)",872,0.107
"(47, 42)",851,0.105
"(59, 56)",824,0.102
"(44, 40)",823,0.101
"(118, 84)",814,0.1
"(63, 64)",808,0.1
"(63, 66)",800,0.099
"(60, 50)",796,0.098
"(114, 90)",792,0.098
"(35, 34)",776,0.096
"(76, 85)",764,0.094
"(44, 45)",750,0.092
"(64, 61)",749,0.092
"(50, 50)",748,0.092
"(39, 39)",733,0.09
"(67, 71)",727,0.09
"(46, 45)",726,0.089
"(36, 41)",726,0.089
"(79, 80)",715,0.088
"(133, 97)",709,0.087
"(69, 69)",700,0.086
"(43, 43)",695,0.086
"(68, 80)",688,0.085
"(79, 58)",655,0.081
"(71, 70)",649,0.08
"(102, 66)",636,0.078
"(45, 48)",621,0.077
"(36, 30)",619,0.076
"(52, 52)",615,0.076
"(55, 51)",612,0.075
"(69, 73)",610,0.075
"(30, 30)",609,0.075
"(10, 150)",595,0.073
"(71, 63)",586,0.072
"(55, 55)",575,0.071
"(69, 79)",574,0.071
"(32, 31)",561,0.069
"(74, 61)",550,0.068
"(98, 64)",549,0.068
"(37, 42)",537,0.066
"(64, 63)",525,0.065
"(45, 51)",524,0.065
"(29, 35)",523,0.064
"(67, 65)",511,0.063
"(41, 39)",509,0.063
"(72, 67)",500,0.062
"(87, 75)",498,0.061
"(26, 28)",497,0.061
"(73, 67)",496,0.061
"(46, 50)",479,0.059
"(42, 43)",476,0.059
"(33, 32)",454,0.056
"(56, 35)",449,0.055
"(35, 37)",449,0.055
"(34, 33)",448,0.055
"(73, 72)",447,0.055
"(59, 42)",441,0.054
"(57, 39)",440,0.054
"(32, 33)",421,0.052
"(73, 58)",420,0.052
"(40, 18)",418,0.052
"(84, 74)",414,0.051
"(28, 28)",411,0.051
"(38, 39)",400,0.049
"(53, 59)",400,0.049
"(56, 52)",400,0.049
"(39, 46)",399,0.049
"(22, 35)",395,0.049
"(37, 40)",389,0.048
"(65, 48)",387,0.048
"(52, 55)",386,0.048
"(67, 73)",381,0.047
"(110, 96)",375,0.046
"(95, 100)",375,0.046
"(56, 51)",364,0.045
"(84, 63)",361,0.044
"(57, 60)",361,0.044
"(115, 92)",361,0.044
"(51, 41)",352,0.043
"(66, 78)",350,0.043
"(66, 53)",349,0.043
"(68, 64)",342,0.042
"(33, 24)",340,0.042
"(49, 48)",338,0.042
"(47, 43)",326,0.04
"(29, 30)",325,0.04
"(68, 72)",325,0.04
"(94, 70)",324,0.04
"(96, 97)",324,0.04
"(57, 56)",323,0.04
"(55, 57)",322,0.04
"(53, 44)",322,0.04
"(71, 48)",321,0.04
"(68, 65)",313,0.039
"(25, 28)",309,0.038
"(42, 39)",305,0.038
"(63, 59)",300,0.037
"(42, 42)",300,0.037
"(35, 29)",300,0.037
"(72, 76)",300,0.037
"(27, 31)",298,0.037
"(26, 25)",295,0.036
"(55, 53)",291,0.036
"(52, 63)",276,0.034
"(49, 53)",275,0.034
"(50, 54)",275,0.034
"(41, 44)",275,0.034
"(62, 64)",273,0.034
"(90, 67)",273,0.034
"(29, 29)",259,0.032
"(59, 62)",259,0.032
"(48, 52)",253,0.031
"(27, 27)",250,0.031
"(85, 57)",250,0.031
"(45, 46)",248,0.031
"(42, 56)",248,0.031
"(79, 104)",246,0.03
"(38, 34)",245,0.03
"(58, 46)",243,0.03
"(56, 55)",226,0.028
"(57, 57)",225,0.028
"(58, 59)",225,0.028
"(76, 64)",225,0.028
"(52, 53)",225,0.028
"(47, 45)",225,0.028
"(55, 68)",225,0.028
"(76, 70)",224,0.028
"(50, 39)",214,0.026
"(59, 58)",209,0.026
"(66, 63)",207,0.026
"(51, 40)",202,0.025
"(41, 57)",201,0.025
"(34, 29)",200,0.025
"(98, 71)",200,0.025
"(66, 66)",200,0.025
"(54, 45)",198,0.024
"(23, 34)",198,0.024
"(29, 28)",197,0.024
"(77, 76)",197,0.024
"(57, 64)",194,0.024
"(40, 45)",188,0.023
"(54, 42)",185,0.023
"(30, 40)",185,0.023
"(132, 136)",177,0.022
"(53, 61)",176,0.022
"(51, 61)",176,0.022
"(92, 87)",175,0.022
"(75, 76)",175,0.022
"(107, 107)",175,0.022
"(37, 41)",175,0.022
"(75, 77)",175,0.022
"(50, 49)",174,0.021
"(119, 116)",174,0.021
"(53, 54)",173,0.021
"(30, 32)",172,0.021
"(52, 46)",168,0.021
"(59, 50)",165,0.02
"(42, 45)",164,0.02
"(42, 41)",164,0.02
"(50, 68)",162,0.02
"(85, 68)",160,0.02
"(69, 62)",160,0.02
"(60, 54)",158,0.019
"(72, 50)",157,0.019
"(38, 41)",151,0.019
"(115, 117)",150,0.018
"(37, 38)",150,0.018
"(38, 62)",150,0.018
"(62, 62)",150,0.018
"(36, 38)",150,0.018
"(31, 32)",150,0.018
"(63, 63)",150,0.018
"(55, 56)",150,0.018
"(57, 67)",149,0.018
"(51, 44)",144,0.018
"(55, 48)",137,0.017
"(123, 136)",135,0.017
"(50, 51)",133,0.016
"(39, 40)",131,0.016
"(71, 72)",127,0.016
"(71, 64)",126,0.016
"(77, 60)",126,0.016
"(29, 24)",126,0.016
"(62, 75)",125,0.015
"(60, 59)",125,0.015
"(43, 133)",125,0.015
"(68, 75)",125,0.015
"(65, 60)",125,0.015
"(101, 65)",125,0.015
"(21, 23)",125,0.015
"(47, 52)",125,0.015
"(55, 66)",125,0.015
"(107, 131)",125,0.015
"(58, 50)",125,0.015
"(126, 143)",124,0.015
"(65, 73)",124,0.015
"(68, 69)",123,0.015
"(51, 62)",122,0.015
"(20, 19)",121,0.015
"(41, 43)",120,0.015
"(31, 29)",119,0.015
"(28, 29)",118,0.015
"(56, 50)",114,0.014
"(26, 32)",113,0.014
"(58, 58)",111,0.014
"(41, 51)",108,0.013
"(116, 146)",107,0.013
"(32, 36)",104,0.013
"(99, 110)",103,0.013
"(15, 15)",103,0.013
"(39, 33)",103,0.013
"(37, 36)",100,0.012
"(27, 30)",100,0.012
"(56, 63)",100,0.012
"(86, 82)",100,0.012
"(87, 71)",100,0.012
"(92, 94)",100,0.012
"(73, 78)",100,0.012
"(33, 31)",100,0.012
"(62, 65)",100,0.012
"(36, 37)",100,0.012
"(54, 50)",100,0.012
"(26, 29)",100,0.012
"(75, 79)",100,0.012
"(95, 89)",100,0.012
"(112, 83)",99,0.012
"(116, 129)",99,0.012
"(100, 72)",99,0.012
"(14, 12)",98,0.012
"(47, 32)",97,0.012
"(28, 45)",89,0.011
"(36, 35)",89,0.011
"(28, 26)",84,0.01
"(92, 91)",83,0.01
"(36, 42)",82,0.01
"(91, 62)",80,0.01
"(77, 47)",80,0.01
"(66, 71)",78,0.01
"(33, 20)",76,0.009
"(48, 49)",75,0.009
"(80, 94)",75,0.009
"(53, 66)",75,0.009
"(86, 87)",75,0.009
"(48, 61)",75,0.009
"(73, 73)",75,0.009
"(87, 99)",75,0.009
"(35, 33)",75,0.009
"(74, 74)",75,0.009
"(131, 66)",75,0.009
"(56, 46)",75,0.009
"(46, 41)",75,0.009
"(58, 80)",74,0.009
"(57, 55)",73,0.009
"(56, 62)",68,0.008
"(42, 29)",66,0.008
"(122, 204)",66,0.008
"(58, 60)",65,0.008
"(153, 187)",65,0.008
"(51, 53)",65,0.008
"(53, 53)",63,0.008
"(31, 24)",62,0.008
"(36, 32)",61,0.008
"(53, 55)",55,0.007
"(155, 175)",53,0.007
"(54, 54)",53,0.007
"(49, 51)",53,0.007
"(30, 35)",52,0.006
"(101, 49)",51,0.006
"(46, 37)",51,0.006
"(70, 36)",50,0.006
"(59, 55)",50,0.006
"(29, 45)",50,0.006
"(40, 42)",50,0.006
"(59, 67)",50,0.006
"(58, 54)",50,0.006
"(30, 29)",50,0.006
"(26, 50)",50,0.006
"(33, 38)",50,0.006
"(52, 48)",50,0.006
"(57, 54)",50,0.006
"(112, 116)",50,0.006
"(34, 36)",50,0.006
"(38, 43)",50,0.006
"(69, 65)",50,0.006
"(63, 68)",50,0.006
"(73, 61)",50,0.006
"(84, 69)",50,0.006
"(28, 30)",50,0.006
"(60, 69)",50,0.006
"(70, 69)",50,0.006
"(76, 72)",50,0.006
"(41, 30)",50,0.006
"(94, 95)",50,0.006
"(33, 30)",49,0.006
"(74, 75)",49,0.006
"(28, 35)",49,0.006
"(82, 82)",49,0.006
"(78, 80)",48,0.006
"(112, 120)",47,0.006
"(35, 24)",46,0.006
"(89, 81)",45,0.006
"(63, 75)",45,0.006
"(98, 96)",45,0.006
"(52, 35)",43,0.005
"(56, 48)",43,0.005
"(60, 62)",41,0.005
"(97, 54)",38,0.005
"(28, 51)",37,0.005
"(147, 116)",36,0.004
"(144, 204)",35,0.004
"(65, 49)",35,0.004
"(45, 52)",34,0.004
"(71, 60)",33,0.004
"(57, 69)",32,0.004
"(56, 53)",32,0.004
"(40, 17)",30,0.004
"(70, 70)",30,0.004
"(45, 50)",29,0.004
"(41, 56)",28,0.003
"(152, 172)",28,0.003
"(130, 136)",27,0.003
"(66, 69)",26,0.003
"(54, 57)",26,0.003
"(53, 50)",26,0.003
"(109, 111)",26,0.003
"(60, 40)",25,0.003
"(75, 63)",25,0.003
"(27, 33)",25,0.003
"(77, 87)",25,0.003
"(74, 83)",25,0.003
"(51, 51)",25,0.003
"(56, 60)",25,0.003
"(37, 22)",25,0.003
"(103, 117)",25,0.003
"(43, 63)",25,0.003
"(43, 49)",25,0.003
"(64, 49)",25,0.003
"(32, 35)",25,0.003
"(45, 30)",25,0.003
"(79, 79)",25,0.003
"(42, 33)",25,0.003
"(63, 71)",25,0.003
"(54, 56)",25,0.003
"(72, 64)",25,0.003
"(40, 44)",25,0.003
"(50, 44)",25,0.003
"(67, 64)",25,0.003
"(76, 74)",25,0.003
"(65, 66)",25,0.003
"(35, 35)",25,0.003
"(65, 64)",25,0.003
"(83, 91)",25,0.003
"(60, 64)",25,0.003
"(59, 51)",25,0.003
"(67, 67)",25,0.003
"(70, 84)",25,0.003
"(83, 76)",25,0.003
"(42, 46)",25,0.003
"(39, 44)",25,0.003
"(72, 98)",25,0.003
"(72, 73)",25,0.003
"(48, 42)",25,0.003
"(74, 52)",25,0.003
"(69, 72)",25,0.003
"(69, 61)",25,0.003
"(10, 12)",25,0.003
"(10, 11)",25,0.003
"(12, 12)",25,0.003
"(70, 58)",24,0.003
"(107, 183)",24,0.003
"(68, 56)",24,0.003
"(35, 32)",24,0.003
"(31, 35)",24,0.003
"(59, 70)",24,0.003
"(121, 81)",23,0.003
"(73, 64)",23,0.003
"(34, 48)",22,0.003
"(122, 104)",22,0.003
"(49, 44)",21,0.003
"(118, 95)",20,0.002
"(34, 32)",19,0.002
"(56, 54)",19,0.002
"(300, 202)",19,0.002
"(65, 63)",18,0.002
"(136, 205)",18,0.002
"(57, 152)",17,0.002
"(79, 68)",16,0.002
"(82, 76)",16,0.002
"(143, 132)",15,0.002
"(42, 48)",14,0.002
"(156, 139)",14,0.002
"(27, 28)",13,0.002
"(33, 36)",13,0.002
"(53, 49)",13,0.002
"(40, 41)",12,0.001
"(25, 29)",12,0.001
"(63, 36)",12,0.001
"(56, 84)",12,0.001
"(48, 50)",12,0.001
"(55, 40)",12,0.001
"(44, 39)",12,0.001
"(29, 31)",12,0.001
"(89, 157)",11,0.001
"(57, 50)",10,0.001
"(75, 90)",10,0.001
"(54, 70)",9,0.001
"(53, 71)",9,0.001
"(18, 48)",9,0.001
"(30, 38)",9,0.001
"(173, 48)",8,0.001
"(18, 45)",8,0.001
"(52, 45)",8,0.001
"(79, 97)",8,0.001
"(134, 111)",8,0.001
"(72, 136)",8,0.001
"(14, 13)",8,0.001
"(55, 73)",7,0.001
"(90, 90)",7,0.001
"(46, 48)",7,0.001
"(96, 100)",7,0.001
"(129, 127)",7,0.001
"(86, 75)",6,0.001
"(48, 46)",6,0.001
"(39, 38)",6,0.001
"(66, 36)",5,0.001
"(44, 46)",5,0.001
"(32, 30)",5,0.001
"(131, 135)",4,0.0
"(86, 74)",4,0.0
"(13, 76)",4,0.0
"(91, 53)",4,0.0
"(66, 67)",4,0.0
"(151, 78)",4,0.0
"(86, 114)",4,0.0
"(11, 11)",4,0.0
"(19, 26)",4,0.0
"(35, 20)",4,0.0
"(53, 51)",3,0.0
"(88, 82)",3,0.0
"(38, 45)",3,0.0
"(67, 69)",3,0.0
"(68, 79)",2,0.0
"(28, 71)",2,0.0
"(52, 71)",2,0.0
"(50, 59)",2,0.0
"(23, 33)",2,0.0
"(111, 112)",2,0.0
"(52, 44)",2,0.0
"(46, 49)",2,0.0
"(62, 63)",2,0.0
"(59, 28)",1,0.0
"(39, 69)",1,0.0
"(54, 41)",1,0.0
"(61, 59)",1,0.0
"(43, 41)",1,0.0
"(12, 27)",1,0.0
"(37, 71)",1,0.0
"(18, 65)",1,0.0
"(53, 29)",1,0.0
"(32, 71)",1,0.0
"(24, 71)",1,0.0
"(54, 69)",1,0.0
"(36, 55)",1,0.0
"(27, 71)",1,0.0
"(26, 44)",1,0.0
"(54, 64)",1,0.0
"(54, 65)",1,0.0
"(49, 67)",1,0.0
"(53, 70)",1,0.0
"(29, 61)",1,0.0
"(87, 81)",1,0.0
"(45, 36)",1,0.0
"(37, 51)",1,0.0
"(104, 116)",1,0.0
"(88, 62)",1,0.0
"(99, 69)",1,0.0
"(51, 45)",1,0.0
"(51, 42)",1,0.0
"(38, 50)",1,0.0
"(18, 28)",1,0.0
"(40, 50)",1,0.0
"(89, 45)",1,0.0
"(22, 26)",1,0.0
"(28, 42)",1,0.0
"(24, 42)",1,0.0
"(148, 183)",1,0.0
"(38, 49)",1,0.0
"(80, 73)",1,0.0
"(45, 47)",1,0.0
"(79, 33)",1,0.0
"(65, 41)",1,0.0
"(28, 76)",1,0.0
"(123, 103)",1,0.0
"(41, 32)",1,0.0
"(39, 65)",1,0.0
"(61, 55)",1,0.0
"(24, 13)",1,0.0
"(24, 18)",1,0.0
"(18, 4)",1,0.0
"(21, 24)",1,0.0
"(6, 21)",1,0.0
"(15, 3)",1,0.0
"(21, 17)",1,0.0
"(27, 15)",1,0.0
"(18, 44)",1,0.0
